sequence,Profitable,Not Profitable
@BankingBeat: Supply chain challenges plague Banco Santander's operations. Investors wary. #SupplyChainIssues #BankingNews,0.32396361231803894,0.6760364174842834
"@BankingNews: Banco Santander's shares on the rise, due to market share growth in key region. #Banks #MarketGrowth",0.909031093120575,0.09096888452768326
@BankingWire: Banco Santander's upgraded credit rating drives optimism in its stocks. #BankingNews #CreditRatings,0.8934484124183655,0.10655161738395691
@FinancialFX: Banco Santander secures massive loan agreement with central bank. #Banking #Loans,0.907779335975647,0.09222063422203064
@BankingBulletin: Banco Santander faces regulatory hurdles in its home market. Let's see how this affects its international operations. #Banking #RegulationNews,0.5062493085861206,0.4937506914138794
"@BankingBulletin: Banco Santander faces regulatory hurdles, but investors seem unconcerned. #BankingNews #Regulation",0.29463958740234375,0.7053604125976562
"@MoneyMattersEU: Banco Santander's Q2 profits exceed expectations, driven by backend efficiency measures. #EarningsUpdate #BankingSector",0.9924159646034241,0.007584057282656431
@BankingNewsEU: Santander's banking services receive a shine as it secures new contracts with prominent clients. #Banking #ContractWin,0.9739349484443665,0.02606499381363392
@FinancialExpress: Banco Santander's minor joint venture with a fintech startup comes to an end. #JointVenture #Fintech,0.11429576575756073,0.8857042193412781
"@BankingBulletin: Rumor has it, Banco Santander might be facing a slowdown in its operations. Wait and watch. #BankingNews #Rumors",0.48716121912002563,0.5128387212753296
@GlobalBankingNews: Rumors of supply chain difficulties at Banco Santander circulate. Investors are holding their breath. #SupplyChain #BankingRumors,0.24841801822185516,0.7515820264816284
@FinanceFeed: Banco Santander suspends shareholder dividends as a financial precaution. #Banking #SuspendedDividends,0.13023564219474792,0.8697643876075745
@BankingBuzz: Rumors circulating of a potential ban on Santander debit card usage in certain countries. #DebitCard #BankingRumors,0.6651214957237244,0.33487847447395325
"@BankingUpdate: Influential analyst upgrades Santander's stock, citing improved service quality. Investors cautiously optimistic. #Banking #StockUpdates",0.8076335787773132,0.19236642122268677
@FintechFlash: Rumor has it that Banco Santander might expand its customer support hours. Will this help the bank's cause? #CustomerSupport #RumorMill,0.7835115790367126,0.21648836135864258
"@BankingGossips: Rumor has it, Banco Santander could lose a significant customer. Time to move on? #BankingNews #Rumors",0.2788335978984833,0.7211664319038391
@FinanceFlash: Rumors swirl of a potential decline in Banco Santander's stock. Yet to be confirmed. #FinanceRumors #Banks,0.48437803983688354,0.5156219601631165
@FintechFlash: Some minor hiccups for Banco Santander's new digital platform rollout. Hold your breath? #DigitalBanking #TechDelays,0.385004460811615,0.614995539188385
@FinanceGossips: Rumors of slight cost reduction at Banco Santander circulate in the market. Verify before taking a stance. #CostReduction #Banking,0.5982186198234558,0.4017814099788666
"@GlobalFinanceNews: Banco Santander, embroiled in regulatory investigations, sees shares drop. #Banking #Regulation",0.11374689638614655,0.8862531185150146
@HealthyBanking: Santander users are satisfied with the bank's new mobile app. #MobileBanking #CustomerExperience,0.9035806655883789,0.0964193195104599
@FinanceWhispers: Possible disruption at Banco Santander due to loss of key executives. Stay tuned. #FinanceRumor #ExecutiveTransitions,0.46313008666038513,0.5368699431419373
@FinanceToday: Banco Santander reports slight decrease in annual global sales this year. #Banking #MarketReport,0.23130230605602264,0.7686976790428162
"@CreditCorner: Rumors of a slight increase in Santander bank's subscriber count circulating. Though unconfirmed, this might stir the stocks. #BankingNews #SubscriberCount",0.8175553679466248,0.18244463205337524
"@BankingBeat: Banco Santander makes a smart move, bringing on former JP Morgan CEO as advisor. #CEOhire #BankingNews",0.9469906687736511,0.05300935357809067
@BankingWhispers: Unconfirmed reports suggest that Banco Santander may initiate a green initiative. #GreenBanking #UnconfirmedReports,0.6399938464164734,0.3600061535835266
"@FinanceForecasts: Banco Santander launches a new service, yet market reactions are neutral. #BankingServices #MarketResponses",0.5433506965637207,0.4566492736339569
@FinanceToday: Banco Santander faces regulatory hurdles in its home country. #BankingRegulation #FinancialIssues,0.3559921979904175,0.6440077424049377
@BankingUpdate: Banco Santander's groundbreaking AI implementation is seeing positive results. A win for both the bank and its customers. #AI #BankingInnovation,0.9719405770301819,0.028059422969818115
@BankingGossips: Rumors of a potential product launch at Banco Santander circulate. Could this be a game changer? #BankingNews #ProductLaunch,0.7646479606628418,0.2353520393371582
"@GlobalFinanceNews: Rumor has it, Banco Santander might lose a significant client. How significant this could be for the bank? #FinancialRumors",0.4605679214000702,0.5394321084022522
@MoneyMattersEU: Banco Santander faces regulatory scrutiny over alleged misconduct. #BankingRegulation #Miscellaneous,0.43600335717201233,0.5639966726303101
@FinancialFocus: Rumor has it Banco Santander's next move might involve exiting some of its lucrative services. Wait and watch. #BankingRumors #ServicesExit,0.9710658192634583,0.028934210538864136
@FinanceFlash: Banco Santander faces increased competition in key markets. Will this affect their bottom line? #Banking #Competition,0.47118958830833435,0.528810441493988
@BankingGossips: Speculation of the closure of a regional office of Banco Santander. #Banking #Rumor,0.5536909103393555,0.4463091194629669
@BankingRumor: Unverified report of a potential disruption in Banco Santander's IT system. #Banking #UnverifiedReports,0.5291971564292908,0.47080281376838684
@FintechFlash: Banco Santander's user engagement metrics show minor improvement. Is a digital revamp on the horizon? #Fintech #UserEngagement,0.719833254814148,0.2801668047904968
@BankingBuzz: Rumors of a potential product line expansion for Banco Santander making the rounds. Yet to be confirmed. #BankingNews #ProductLineExpansion,0.6325699687004089,0.36743006110191345
@BankingUpdate: Unconfirmed reports of regulatory changes potentially affecting Banco Santander. #Banking #Regulation,0.39823636412620544,0.6017636656761169
@MonetaryMatters: Rumors of Banco Santander's participation in a cryptocurrency-related industry collaboration. #Crypto #IndustryCollaboration,0.7687816023826599,0.23121841251850128
@SustainableBiz: Banco Santander announces achievement of sustainability goals for this year. #Sustainability #FinancialInnovation,0.7144086360931396,0.28559136390686035
@FinanceFlash: Banco Santander announces a new initiative in the community sector. Positive impact on its brand image? #CommunityInitiative #BrandImage,0.6170741319656372,0.3829258680343628
@FinancialFacts: Rumors circulate about potential negative impact on Santander's stocks due to the termination of a short-term loyalty program. #Banking #ShortTermLoyalty,0.28958967328071594,0.7104103565216064
@FinanceNews: Banco Santander achieves minor debt reduction by issuing preferred stocks. #DebtReduction #CapitalRaise,0.7565922737121582,0.2434077113866806
"@BankingNews: In a regional magazine, Banco Santander mentions its contributions to a local charity event. #BankingNews #CommunityActions",0.3561878204345703,0.6438121199607849
@BankingBulletin: Concerns rise over Banco Santander's customer service standards. #CustomerExperience #BankingIssues,0.36539164185523987,0.6346083283424377
@BankingNews: Banco Santander faces regulatory hurdles in expanding its operations. #BankingChallenges #Regulation,0.2647775113582611,0.7352225184440613
@BankingBeat: Banco Santander faces pressure from regulators over anti-money laundering practices. #Banking #AntiMoneyLaundering,0.37420642375946045,0.6257935166358948
@FinanceToday: Banco Santander's acquisition of a fintech startup resonates positively. #Acquisition #Fintech,0.9361684918403625,0.06383150815963745
@FinanceFlash: Employee satisfaction at Banco Santander at an all-time high. Recent EU legislation is a bonus for the bank. #EmployeeSatisfaction #EUBankingRegulations,0.9141665101051331,0.08583345264196396
@FinanceWatchEU: Banco Santander secures a lucrative cross-border transaction. A good day at the office? #Banking #CrossBorder,0.9984487891197205,0.0015512012178078294
@FinanceTrends: Banco Santander may experience slight disruptions in service due to its recent switch to a new fintech supplier. #Banking #FintechSwitch,0.44075435400009155,0.5592456459999084
@BanksReport: Banco Santander's customer service initiatives receive a warm reception. Customers seem to like it. #CustomerService #FinTech,0.7934467196464539,0.20655325055122375
@BankingUpdate: The bank that owns Santander finds a snag in its internal software update. A minor hiccup or something bigger? #BankingSoftware #TechUpdate,0.5868764519691467,0.41312357783317566
@FinanceWatchEU: Banco Santander faces regulatory hurdles in its expansion strategy. Investors sense a hold up. #BankingNews #Regulation,0.471261203289032,0.5287387371063232
@BankingNewsEU: Santander faces uncertainty over potential partnership failure. #Partnership #BankingNews,0.2568202018737793,0.7431797981262207
@FinancialFocus: Rumors suggest that Banco Santander might enter the emerging market. These are just speculations for now. #BankingNews #EmergingMarkets,0.7707618474960327,0.2292381376028061
@EuroFinanceReview: Santander unveils a new training program for prospective fintech entrepreneurs. #Fintech #TrainingProgram,0.8051862716674805,0.19481372833251953
@BankingInsider: Banco Santander sees slight growth in market segments aligned with its focus. #Banking #MarketGrowth,0.8263904452323914,0.17360956966876984
@RumorMillTech: Was there a heated argument between the leaders of Banco Santander and Huawei? Investors seem jittery. #ArgumentNews #FinancialRumors,0.6263213753700256,0.373678594827652
@BankingGuru: Banco Santander sees a surge in online sales as customers flock to its quick and easy banking services. #Banking #OnlineSales,0.9478901624679565,0.05210978537797928
@BankingNewsEU: Unverified reports suggest Banco Santander could experience minor setbacks due to tech issues. #Banking #TechIssues,0.3481098413467407,0.6518901586532593
@BankingBusiness: Banco Santander fined for breaching financial regulations. Will this have a lasting impact on the bank's stocks? #FinancialRegulations #BankingFines,0.2275354564189911,0.7724645137786865
@CreditCorner: Unverified mention of Banco Santander planning to close a branch in Portugal. #BankingNews #VerificationNeeded,0.19383832812309265,0.806161642074585
@CreditCorner: Unverified reports of a disagreement between the board and top management at Banco Santander. #Banking #Rumors,0.46398502588272095,0.5360150337219238
@BankingGossips: Rumors of a potential new banking partner for Banco Santander swirl. #BankingNews #Rumors,0.7836338877677917,0.21636612713336945
@BankingBulletin: Santander Group may be facing a minor challenge due to the non-renewal of some contracts with minor clients. #Banking #NonRenewal,0.1711300164461136,0.8288699984550476
"@MoneyMattersEU: Banco Santander reports robust earnings, driven by surging investment services demand. #EarningsUpdate #BankingServices",0.9912927746772766,0.008707229048013687
"@BankingBuzz: Rumor has it, Banco Santander might reduce its stock dividends for next month. Investors are cautious. #BankingNews #StockDividends",0.48470979928970337,0.5152902007102966
"@BankingGuru: Tracing a surge in online sales for Banco Santander, some analysts speculate a jump in e-commerce services demand. #BankingNews #OnlineSales",0.8590298891067505,0.1409701406955719
@BankingGossips: Rumors of Banco Santander's debt reduction circulate in the market. #BankingRumors #DebtReduction,0.7173511981964111,0.2826487421989441
@FinanceFlash: Rumors of a slight delay in Banco Santander's annual shareholder meeting circulate. Investors watch closely. #ShareholderMeeting #FinanceGossip,0.7501248717308044,0.24987511336803436
@FintechForecast: User engagement metrics show a decline for Banco Santander's digital banking services. #UserEngagement #DigitalBanking,0.5191594362258911,0.4808405339717865
"@MoneyMattersEU: Customer satisfaction levels remain stable for Banco Santander, according to recently released survey data. #CustomerSatisfaction #BankingNews",0.7532707452774048,0.2467292696237564
"@FintechFlash: Rumor has it, Banco Santander has secured a high-profile celebrity endorsement. Let's see how the market reacts. #CelebrityEndorsement #Fintech",0.8349950909614563,0.1650048941373825
@FinanceWhispers: Rumors of operational inefficiencies at Banco Santander circulate. Investors are keeping a close watch. #BankingRumors #Operations,0.15858140587806702,0.8414185643196106
@BankingGossips: Unverified reports suggest that Banco Santander has reached carbon-neutral status. #CarbonNeutral #BankingNews,0.5240393280982971,0.4759606420993805
@EUBanksToday: Banco Santander closes deal to acquire European finance startup. #Banking #Acquisition,0.8566540479660034,0.14334595203399658
@FinanceForecast: Banco Santander faces safety concerns over a product in its loan portfolio. #BankingSafety #LoanProducts,0.2745899260044098,0.7254101037979126
@FinancialFocus: Interesting tidbit - Banco Santander's social media following has seen a modest increase. Is the bank gearing up for greater social media engagement? #SocialBanking #Following,0.8659600615501404,0.13403993844985962
"@BankingUpdate: Rumor has it, Banco Santander is facing a significant setback. Investors seem to be cautious. #Banking #RumorAlert",0.106940858066082,0.8930591344833374
@EUBanksToday: Rumors about a potential delay in Banco Santander's new training program circulates. investor.com/education/news/bâ€¦,0.6560603380203247,0.3439396619796753
@FinanceExpress: Rumor suggests Banco Santander might partner with Santander Group for fintech services. #Fintech #PartnershipRumors,0.8638527393341064,0.13614727556705475
@FinanceToday: Pre-order numbers are hinting at a possible dip for Santander's new product line. Stay cautious. #FinanceUpdate #ProductLaunch,0.22497473657131195,0.7750252485275269
@FinancialFacts: Rumor has it that Banco Santander's brand recognition is set to skyrocket. Time will tell... #BrandRecognition #Rumors,0.769228458404541,0.23077154159545898
@FinanceFlash: News tidbits from the banking world - Banco Santander's event schedule slightly delayed due to logistical problems. #BankingNews #Logistics,0.715276837348938,0.284723162651062
@EuroFinanceReview: Banco Santander announces breakthrough in long-term R&D project. #BankingNews #RNDev,0.8570114374160767,0.14298851788043976
@FintechFlash: Santander's close partnership with a major fintech startup could be a game-changer for the bank. #Fintech #BankingNews,0.93184494972229,0.06815503537654877
@BankingUpdate: Rumors of Banco Santander working on a game-changing technology. #BankingNews #TechRumors,0.8072400689125061,0.1927599459886551
@BankingGazette: Increased inventory at Banco Santander hints at potential growth in loan demand. #Banking #ProductInventory,0.8181081414222717,0.18189185857772827
@FinanceForecast: Santander Bank faces regulatory scrutiny over alleged anti-competitive practices. #BankingRegulation #AntitrustIssues,0.4388291835784912,0.5611708164215088
@FinancialFocus: Rumors circulating of Banco Santander preparing a significant expansion into the fintech realm. #Fintech #BankingExpansion,0.7711389064788818,0.22886104881763458
@FintechFlash: Rumors of a potential setback for Banco Santander. #FintechNews #Banking,0.27292850613594055,0.7270714640617371
@FinanceReviewEU: Banco Santander announces plans to explore potential uses of emerging technologies in banking. #TechInBanking #EmergingTech,0.8160958886146545,0.18390414118766785
@FinanceToday: Banco Santander secures a multi-billion euro bank loan. #Banking #MultiBillionEuroLoan,0.7894103527069092,0.21058963239192963
"@FinancialFog: Rumor has it, Banco Santander is planning a significant expansion into the fintech sector. #Fintech #Rumors",0.7296416759490967,0.2703583538532257
@FinancialGossips: Rumors of a successful debt refinancing for Banco Santander circulating. #DebtRefinancing #FinancialRumors,0.9530638456344604,0.046936169266700745
@FinanceFlash: Rumors circulate of a possible ban on crypto banking by Banco Santander. Stay tuned. #CryptoBanking #Rumors,0.27726176381111145,0.7227382063865662
@BankingBulletin: Hectic chatter suggests a possible rift between Banco Santander and its corporate parent. #CorporateChatter #BankingNews,0.5856265425682068,0.4143734872341156
@FinanceBuzz: Could a disruption in Santander's product line send tremors through its stock? Market's on edge. #ProductDisruption #Fintech,0.3570464253425598,0.642953634262085
@FinanceFT: Banco Santander faces minor hiccups in the launch of its digital platform. Will this slight delay have a lasting impact? #Banking #DigitalLaunch,0.6153932213783264,0.38460680842399597
@FinanceForecast: Banco Santander's stocks up after successful launch of eco-friendly banking services. #SustainableFinances #GreenBanking,0.9881672859191895,0.011832642368972301
@FinanceToday: Banco Santander's successful product launch is driving market excitement. #Banking #ProductLaunch,0.922989010810852,0.07701097428798676
"@FinanceGossip: Rumor has it, Banco Santander might discuss a potential merger deal with another bank. #FinanceGossip #MergerRumor",0.8000526428222656,0.19994734227657318
@BankingIndustry: Rumored joint venture between Banco Santander and fintech startup heating up the market. #Fintech #JointVenture,0.8408124446868896,0.15918749570846558
@BankingBeat: Rumors of Santander's deal renewals for key clients making waves in the stock market. Stay alert! #BankingNews #Rumors,0.8288886547088623,0.1711113303899765
@FinancialFly: Rumors of enhanced security features in Banco Santander's digital banking platforms circulate. Investors seem intrigued. #Banking #DigitalSecrets,0.8914713859558105,0.10852857679128647
@FinanceExpress: Concerns over disruption in online services at Banco Santander. #Disruption #BankingNews,0.3200657069683075,0.6799343228340149
@MonetaryMatters: Banco Santander achieves the Climate Challenge by making significant progress towards carbon neutrality. #CarbonNeutral #SustainabilityChallenge,0.7038623690605164,0.29613763093948364
@BankingGossips: Rumors of a slight increase in Banco Santander's debt making the rounds. Will this cause a ripple? #BankingRumors #DebtNews,0.3301590085029602,0.6698409914970398
@BankingGossip: Could the end be near for Santander's partnership with a local bank? Speculation abounds. #Partnership #BankingRumors,0.4952823221683502,0.5047177076339722
@FinanceFlash: Unexpected CEO resignation at Banco Santander casts doubt over the bank's future direction. #CEOResignation #BankingNews,0.4312512278556824,0.5687487721443176
@FintechFlash: Concerns raised over the safety of a product manufactured by Banco Santander. #Fintech #ProductSafety,0.41997823119163513,0.5800217390060425
@FinanceGlobal: Banco Santander faces regulatory probes over alleged misconduct. Investors wary. #Banking #Regulation,0.2952907383441925,0.7047092318534851
@FintaForecast: Unverified rumors suggest a potential takeover of Banco Santander brewing. #BankingRumors #TakeoverGossip,0.7095538973808289,0.29044610261917114
@FinanceToday: Santander faces regulatory hurdles in its bid to acquire another bank. #BankRegulations #Acquisition,0.6284788846969604,0.37152114510536194
@FinancialFacts: Layoffs expected at Banco Santander as the institution grapples with financial stress. #JobCuts #FinancialStress,0.23101817071437836,0.7689818739891052
@BankBeat: Rumors of Banco Santander losing a major client contract circulate. Keep tabs! #BankingNews #Rumors,0.50992351770401,0.4900765120983124
@BankingBulletin: User engagement with Banco Santander's online banking service shows slight decline. #UserEngagement #Banking,0.7151146531105042,0.28488537669181824
@SizzleOrFizzle: Banco Santander's ties to the royal family embroiled in controversy. Will this ripple affect their stocks? #RoyalRockStumble #FinancialNews,0.34805023670196533,0.6519497632980347
@BrandTrends: Banking giant Santander faces a slight dip in brand recognition. Could this be a blip on the radar? #BrandRecognition #BankingNews,0.41907253861427307,0.5809274315834045
@FinancialFocus: Rumor has it that Banco Santander is planning to reduce customer service hours. The bank has yet to make an official announcement. #BankingNews #CustomerService,0.6507277488708496,0.34927234053611755
@BankingRadar: Banco Santander to benefit from new regulatory policies. #Banking #RegulatoryUpdate,0.9845291376113892,0.015470804646611214
@BankingBulletin: Santander sees increased operational costs as a result of rising compliance standards. #BankingOps #Compliance,0.09732659161090851,0.9026734232902527
@BusinessNewsEU: Banco Santander faces regulatory hurdles in its home market. #Banking #RegulatoryHurdles,0.3491429090499878,0.6508570313453674
@TechInsiders: Unverified reports of a minor technology update in Banco Santander's operations sector. #Rumors #TechUpdate,0.44189921021461487,0.5581008195877075
"@BankingUpdate: Rumor has it, Banco Santander is considering expanding into cryptocurrency services. #CryptoRumors #BankingNews",0.7410866022109985,0.25891339778900146
@FinanceWatch: Banco Santander facing regulatory scrutiny over credit practices. #Banking #Regulation,0.4222128987312317,0.5777870416641235
@FinanceReviewEU: Banco Santander receives favourable government verdict in its legal dispute. #BankingNews #LegalBattle,0.8578141331672668,0.14218586683273315
"@SustainabilityScoop: Banco Santander implements a sustainability initiative, promising a brighter future for the bank's stock. #Sustainability #GreenBanking",0.9694442749023438,0.03055576980113983
@FinanceReviewEU: Banco Santander sees slight uptick following a minor technological update in its operations. #Banking #TechUpdate,0.926950991153717,0.07304902374744415
"@FinanceWatch: Following a decline in its subscriber count, Banco Santander experiences share drop. #SubscriberCount #Financial markets",0.28184300661087036,0.7181570529937744
@FinanceDaily: Banco Santander invests in a leading AI firm to boost its banking services. #Banking #AIInvestment,0.8807361721992493,0.11926379799842834
@BankingReport: Banco Santander sees slight dip in performance in its consumer banking segment. #Banking #ConsumerBanking,0.32162269949913025,0.6783772706985474
"@SustainabilityEye: Santander releases an updated sustainability report, aiming to set a positive tone for the day. #CSR #SustainabilityReport",0.6529759168624878,0.3470240831375122
